<?xml version="1.0" encoding="UTF-8"?>
<project-private xmlns="http://www.netbeans.org/ns/project-private/1">
    <editor-bookmarks xmlns="http://www.netbeans.org/ns/editor-bookmarks/2" lastBookmarkId="0"/>
    <open-files xmlns="http://www.netbeans.org/ns/projectui-open-files/2">
        <group>
            <file>file:/D:/Curso%2018-19/PROGRAMACION/ApuntesProgramación/Ejercicios/TemaNueveBD/PracticaDos/t9p2e1Nuevo/src/Vista/Casos/VAlta.java</file>
            <file>file:/D:/Curso%2018-19/PROGRAMACION/ApuntesProgramación/Ejercicios/TemaNueveBD/PracticaDos/t9p2e1Nuevo/src/Vista/Clientes/VModificar.java</file>
            <file>file:/D:/Curso%2018-19/PROGRAMACION/ApuntesProgramación/Ejercicios/TemaNueveBD/PracticaDos/t9p2e1Nuevo/src/Vista/Casos/VBaja.java</file>
            <file>file:/D:/Curso%2018-19/PROGRAMACION/ApuntesProgramación/Ejercicios/TemaNueveBD/PracticaDos/t9p2e1Nuevo/src/Modelo/BDO/CasoBDO.java</file>
            <file>file:/D:/Curso%2018-19/PROGRAMACION/ApuntesProgramación/Ejercicios/TemaNueveBD/PracticaDos/t9p2e1Nuevo/src/Vista/Casos/VModificar.java</file>
            <file>file:/D:/Curso%2018-19/PROGRAMACION/ApuntesProgramación/Ejercicios/TemaNueveBD/PracticaDos/t9p2e1Nuevo/src/Modelo/Cliente.java</file>
            <file>file:/D:/Curso%2018-19/PROGRAMACION/ApuntesProgramación/Ejercicios/TemaNueveBD/PracticaDos/t9p2e1Nuevo/src/Vista/Casos/VAsignarAbogados.java</file>
            <file>file:/D:/Curso%2018-19/PROGRAMACION/ApuntesProgramación/Ejercicios/TemaNueveBD/PracticaDos/t9p2e1Nuevo/src/Modelo/BDO/Bdo.java</file>
            <file>file:/D:/Curso%2018-19/PROGRAMACION/ApuntesProgramación/Ejercicios/TemaNueveBD/PracticaDos/t9p2e1Nuevo/src/Modelo/BDR/AbogadoLLevaCasoBDR.java</file>
            <file>file:/D:/Curso%2018-19/PROGRAMACION/ApuntesProgramación/Ejercicios/TemaNueveBD/PracticaDos/t9p2e1Nuevo/src/Modelo/BDR/CasoBDR.java</file>
            <file>file:/D:/Curso%2018-19/PROGRAMACION/ApuntesProgramación/Ejercicios/TemaNueveBD/PracticaDos/t9p2e1Nuevo/src/Vista/Abogados/VConsultar.java</file>
            <file>file:/D:/Curso%2018-19/PROGRAMACION/ApuntesProgramación/Ejercicios/TemaNueveBD/PracticaDos/t9p2e1Nuevo/src/Vista/Abogados/VBorrar.java</file>
            <file>file:/D:/Curso%2018-19/PROGRAMACION/ApuntesProgramación/Ejercicios/TemaNueveBD/PracticaDos/t9p2e1Nuevo/src/Modelo/BDO/ClienteBDO.java</file>
            <file>file:/D:/Curso%2018-19/PROGRAMACION/ApuntesProgramación/Ejercicios/TemaNueveBD/PracticaDos/t9p2e1Nuevo/src/Vista/Casos/VConsultar.java</file>
            <file>file:/D:/Curso%2018-19/PROGRAMACION/ApuntesProgramación/Ejercicios/TemaNueveBD/PracticaDos/t9p2e1Nuevo/src/Modelo/Caso.java</file>
            <file>file:/D:/Curso%2018-19/PROGRAMACION/ApuntesProgramación/Ejercicios/TemaNueveBD/PracticaDos/t9p2e1Nuevo/src/Modelo/BDR/ClienteBDR.java</file>
            <file>file:/D:/Curso%2018-19/PROGRAMACION/ApuntesProgramación/Ejercicios/TemaNueveBD/PracticaDos/t9p2e1Nuevo/src/Vista/Clientes/VConsultar.java</file>
            <file>file:/D:/Curso%2018-19/PROGRAMACION/ApuntesProgramación/Ejercicios/TemaNueveBD/PracticaDos/t9p2e1Nuevo/src/Vista/Clientes/VBorrar.java</file>
            <file>file:/D:/Curso%2018-19/PROGRAMACION/ApuntesProgramación/Ejercicios/TemaNueveBD/PracticaDos/t9p2e1Nuevo/src/Modelo/Abogado.java</file>
            <file>file:/D:/Curso%2018-19/PROGRAMACION/ApuntesProgramación/Ejercicios/TemaNueveBD/PracticaDos/t9p2e1Nuevo/src/t9p2e1/Controlador.java</file>
            <file>file:/D:/Curso%2018-19/PROGRAMACION/ApuntesProgramación/Ejercicios/TemaNueveBD/PracticaDos/t9p2e1Nuevo/src/Modelo/BDO/AbogadoBDO.java</file>
            <file>file:/D:/Curso%2018-19/PROGRAMACION/ApuntesProgramación/Ejercicios/TemaNueveBD/PracticaDos/t9p2e1Nuevo/src/Modelo/BDR/AbogadoBDR.java</file>
            <file>file:/D:/Curso%2018-19/PROGRAMACION/ApuntesProgramación/Ejercicios/TemaNueveBD/PracticaDos/t9p2e1Nuevo/src/Vista/Abogados/VModificar.java</file>
            <file>file:/D:/Curso%2018-19/PROGRAMACION/ApuntesProgramación/Ejercicios/TemaNueveBD/PracticaDos/t9p2e1Nuevo/src/Vista/VPrincipal.java</file>
            <file>file:/D:/Curso%2018-19/PROGRAMACION/ApuntesProgramación/Ejercicios/TemaNueveBD/PracticaDos/t9p2e1Nuevo/src/Vista/Casos/VCerrar.java</file>
            <file>file:/D:/Curso%2018-19/PROGRAMACION/ApuntesProgramación/Ejercicios/TemaNueveBD/PracticaDos/t9p2e1Nuevo/src/Vista/Abogados/VAlta.java</file>
        </group>
    </open-files>
</project-private>
